-- MySQL dump 10.13  Distrib 8.0.38, for Win64 (x86_64)
--
-- Host: localhost    Database: rrips
-- ------------------------------------------------------
-- Server version	8.0.39

/*!40101 SET @OLD_CHARACTER_SET_CLIENT=@@CHARACTER_SET_CLIENT */;
/*!40101 SET @OLD_CHARACTER_SET_RESULTS=@@CHARACTER_SET_RESULTS */;
/*!40101 SET @OLD_COLLATION_CONNECTION=@@COLLATION_CONNECTION */;
/*!50503 SET NAMES utf8 */;
/*!40103 SET @OLD_TIME_ZONE=@@TIME_ZONE */;
/*!40103 SET TIME_ZONE='+00:00' */;
/*!40014 SET @OLD_UNIQUE_CHECKS=@@UNIQUE_CHECKS, UNIQUE_CHECKS=0 */;
/*!40014 SET @OLD_FOREIGN_KEY_CHECKS=@@FOREIGN_KEY_CHECKS, FOREIGN_KEY_CHECKS=0 */;
/*!40101 SET @OLD_SQL_MODE=@@SQL_MODE, SQL_MODE='NO_AUTO_VALUE_ON_ZERO' */;
/*!40111 SET @OLD_SQL_NOTES=@@SQL_NOTES, SQL_NOTES=0 */;

--
-- Table structure for table `comment`
--

DROP TABLE IF EXISTS `comment`;
/*!40101 SET @saved_cs_client     = @@character_set_client */;
/*!50503 SET character_set_client = utf8mb4 */;
CREATE TABLE `comment` (
  `id` int NOT NULL AUTO_INCREMENT,
  `studentid` int DEFAULT NULL,
  `comment` varchar(256) DEFAULT NULL,
  PRIMARY KEY (`id`)
) ENGINE=InnoDB AUTO_INCREMENT=7 DEFAULT CHARSET=utf8mb4 COLLATE=utf8mb4_0900_ai_ci;
/*!40101 SET character_set_client = @saved_cs_client */;

--
-- Dumping data for table `comment`
--

LOCK TABLES `comment` WRITE;
/*!40000 ALTER TABLE `comment` DISABLE KEYS */;
INSERT INTO `comment` VALUES (1,54852140,'Rikkus koolikorda'),(2,54852140,'Rikkus koolikorda'),(3,15238691,'Rikkus koolikorda'),(4,84955122,'Rikkus koolikorda'),(5,58385825,'Kommentaar'),(6,84695050,'Hilines tundi');
/*!40000 ALTER TABLE `comment` ENABLE KEYS */;
UNLOCK TABLES;

--
-- Temporary view structure for view `comments`
--

DROP TABLE IF EXISTS `comments`;
/*!50001 DROP VIEW IF EXISTS `comments`*/;
SET @saved_cs_client     = @@character_set_client;
/*!50503 SET character_set_client = utf8mb4 */;
/*!50001 CREATE VIEW `comments` AS SELECT 
 1 AS `id`,
 1 AS `firstname`,
 1 AS `lastname`,
 1 AS `comment`*/;
SET character_set_client = @saved_cs_client;

--
-- Table structure for table `course`
--

DROP TABLE IF EXISTS `course`;
/*!40101 SET @saved_cs_client     = @@character_set_client */;
/*!50503 SET character_set_client = utf8mb4 */;
CREATE TABLE `course` (
  `code` varchar(8) NOT NULL,
  `description` varchar(256) DEFAULT NULL,
  PRIMARY KEY (`code`)
) ENGINE=InnoDB DEFAULT CHARSET=utf8mb4 COLLATE=utf8mb4_0900_ai_ci;
/*!40101 SET character_set_client = @saved_cs_client */;

--
-- Dumping data for table `course`
--

LOCK TABLES `course` WRITE;
/*!40000 ALTER TABLE `course` DISABLE KEYS */;
INSERT INTO `course` VALUES ('A','Andmebaasid'),('M','Matemaatika');
/*!40000 ALTER TABLE `course` ENABLE KEYS */;
UNLOCK TABLES;

--
-- Table structure for table `stgroup`
--

DROP TABLE IF EXISTS `stgroup`;
/*!40101 SET @saved_cs_client     = @@character_set_client */;
/*!50503 SET character_set_client = utf8mb4 */;
CREATE TABLE `stgroup` (
  `code` varchar(8) NOT NULL,
  `description` varchar(256) DEFAULT NULL,
  PRIMARY KEY (`code`)
) ENGINE=InnoDB DEFAULT CHARSET=utf8mb4 COLLATE=utf8mb4_0900_ai_ci;
/*!40101 SET character_set_client = @saved_cs_client */;

--
-- Dumping data for table `stgroup`
--

LOCK TABLES `stgroup` WRITE;
/*!40000 ALTER TABLE `stgroup` DISABLE KEYS */;
INSERT INTO `stgroup` VALUES ('IT-23A','Infotehnoloogia (eesti)'),('TA-23A','Tarkvaraarendus (eesti)'),('TA-23B','Tarkvaraarendus (vene)');
/*!40000 ALTER TABLE `stgroup` ENABLE KEYS */;
UNLOCK TABLES;

--
-- Table structure for table `student`
--

DROP TABLE IF EXISTS `student`;
/*!40101 SET @saved_cs_client     = @@character_set_client */;
/*!50503 SET character_set_client = utf8mb4 */;
CREATE TABLE `student` (
  `id` bigint NOT NULL,
  `firstname` varchar(256) DEFAULT NULL,
  `lastname` varchar(256) DEFAULT NULL,
  `groupcode` varchar(8) DEFAULT NULL,
  `birthdate` date DEFAULT NULL,
  PRIMARY KEY (`id`),
  KEY `groupcode` (`groupcode`),
  CONSTRAINT `student_ibfk_1` FOREIGN KEY (`groupcode`) REFERENCES `stgroup` (`code`)
) ENGINE=InnoDB DEFAULT CHARSET=utf8mb4 COLLATE=utf8mb4_0900_ai_ci;
/*!40101 SET character_set_client = @saved_cs_client */;

--
-- Dumping data for table `student`
--

LOCK TABLES `student` WRITE;
/*!40000 ALTER TABLE `student` DISABLE KEYS */;
INSERT INTO `student` VALUES (12345678,'Tudeng','Kolmeteistkümnes','IT-23A','2000-08-28'),(12534353,'Tudeng','Teine','TA-23A','2000-01-01'),(15236555,'Tudeng','Viieteistkümnes','TA-23A','2000-09-09'),(15237771,'Tudeng','Kümnes','TA-23A','2000-04-08'),(15238691,'Tudeng','Kuues','TA-23B','2000-03-06'),(45222414,'Tudeng','Kaheksateistkümnes','IT-23A','2000-05-03'),(45612378,'Tudeng','Kuueteistkümnes','TA-23B','2000-09-13'),(45645562,'Tudeng','Üheksas','TA-23B','2000-05-10'),(54648052,'Tudeng','Viies','TA-23B','2000-10-10'),(54852140,'Tudeng','Kolmas','TA-23A','2000-05-02'),(55442694,'Tudeng','Kaheksas','IT-23A','2000-08-30'),(55992200,'Tudeng','Üheksateistkümnes','TA-23A','2000-01-05'),(58385825,'Tudeng','Esimene','TA-23B','2000-11-23'),(78995222,'Tudeng','Neljateistkümnes','TA-23A','2000-05-06'),(84695050,'Tudeng','Seitsmeteistkümnes','TA-23B','1999-12-30'),(84955122,'Tudeng','Üheteistkümnes','TA-23B','2000-02-12'),(85858355,'Tudeng','Seitsmes','IT-23A','2000-06-06'),(89700014,'Tudeng','Mänd','TA-23A','2000-02-05'),(98722225,'Tudeng','Kahekümnes','IT-23A','2000-01-02'),(99874512,'Tudeng','Neljas','TA-23A','2000-02-12');
/*!40000 ALTER TABLE `student` ENABLE KEYS */;
UNLOCK TABLES;

--
-- Final view structure for view `comments`
--

/*!50001 DROP VIEW IF EXISTS `comments`*/;
/*!50001 SET @saved_cs_client          = @@character_set_client */;
/*!50001 SET @saved_cs_results         = @@character_set_results */;
/*!50001 SET @saved_col_connection     = @@collation_connection */;
/*!50001 SET character_set_client      = utf8mb4 */;
/*!50001 SET character_set_results     = utf8mb4 */;
/*!50001 SET collation_connection      = utf8mb4_0900_ai_ci */;
/*!50001 CREATE ALGORITHM=UNDEFINED */
/*!50013 DEFINER=`root`@`localhost` SQL SECURITY DEFINER */
/*!50001 VIEW `comments` AS select `comment`.`studentid` AS `id`,`student`.`firstname` AS `firstname`,`student`.`lastname` AS `lastname`,`comment`.`comment` AS `comment` from (`student` join `comment` on((`student`.`id` = `comment`.`studentid`))) */;
/*!50001 SET character_set_client      = @saved_cs_client */;
/*!50001 SET character_set_results     = @saved_cs_results */;
/*!50001 SET collation_connection      = @saved_col_connection */;
/*!40103 SET TIME_ZONE=@OLD_TIME_ZONE */;

/*!40101 SET SQL_MODE=@OLD_SQL_MODE */;
/*!40014 SET FOREIGN_KEY_CHECKS=@OLD_FOREIGN_KEY_CHECKS */;
/*!40014 SET UNIQUE_CHECKS=@OLD_UNIQUE_CHECKS */;
/*!40101 SET CHARACTER_SET_CLIENT=@OLD_CHARACTER_SET_CLIENT */;
/*!40101 SET CHARACTER_SET_RESULTS=@OLD_CHARACTER_SET_RESULTS */;
/*!40101 SET COLLATION_CONNECTION=@OLD_COLLATION_CONNECTION */;
/*!40111 SET SQL_NOTES=@OLD_SQL_NOTES */;

-- Dump completed on 2024-09-12 10:38:47
